idCliente;Edad;Genero;Etnia;Educacion;Ingresos;CalificacionCrediticia;DuennoCarro;Modelo;Casado?;Hijos;CodigoPostal;KmPorAnno;TipoCarro;ViolacionVelocidad;ViolacionBajoLaInfluencia;AccidentesAnteriores;Reclamacion?;CatAAnnosManejando;DesAnnosManejando
670634;16-250;M;Mayoria;universidad;clase trabajadora;0.357722469;1;<=2015;1;1;32765;8000;sedan;0;0;0;1;1;0-9a
152379;16-25;F;Minoria;Bachillerato;clase trabajadora;0.38115045;0;<=2015;1;1;10238;14000;sedan;0;0;0;1;1;0-9a
78189;16-25;F;Mayoria;ninguno;clase baja;0.201283921;1;<=2015;0;0;32765;12000;sedan;0;0;0;1;1;0-9a
677281;16-25;F;Mayoria;Bachillerato;clase trabajadora;0.494809388;0;<=2015;0;0;10238;16000;sedan;0;0;0;1;1;0-9a
582667;65+;F;Mayoria;universidad;clase alta;0.684894007;1;<=2015;0;1;10238;12000;sedan;0;0;0;1;1;0-9a
644091;26-39;F;Mayoria;Bachillerato;clase alta;0.693035224;1;<=2015;1;1;92101;12000;sedan;0;0;0;1;1;0-9a
634462;16-25;M;Mayoria;Bachillerato;clase trabajadora;0.429583198;0;>2015;0;1;10238;13000;sedan;0;0;0;1;1;0-9a
489044;16-25;M;Mayoria;universidad;clase trabajadora;0.380115758;1;<=2015;0;0;10238;17000;sedan;0;0;0;1;1;0-9a
587520;26-39;M;Mayoria;Bachillerato;clase media;0.608662603;1;<=2015;1;1;10238;9000;sedan;0;0;0;1;1;0-9a
935057;65+;M;Mayoria;universidad;clase alta;0.597921832;1;<=2015;0;1;10238;13000;sedan;0;0;0;0;1;0-9a
915279;40-64;F;Mayoria;universidad;clase alta;0.636944622;1;<=1900;1;0;10238;12000;sedan;0;0;0;0;1;0-9a
381852;65+;M;Minoria;universidad;clase alta;0.491799006;0;<=2015;0;1;92101;14000;sedan;0;0;0;1;1;0-9a
798631;26-39;F;Mayoria;universidad;clase alta;0.57644209;0;<=2015;0;1;10238;13000;sedan;0;0;0;1;1;0-9a
571298;65+;M;Mayoria;universidad;clase alta;0.740341073;1;<=2015;1;1;10238;9000;sedan;0;0;0;1;1;0-9a
154719;16-25;F;Mayoria;Bachillerato;clase baja;0.349769262;1;<=2015;0;0;10238;14000;sedan;0;0;0;1;1;0-9a
337986;16-25;M;Mayoria;universidad;clase alta;0.548930133;1;>2015;0;1;10238;14000;sedan;0;0;0;0;1;0-9a
607163;26-39;F;Minoria;universidad;clase alta;0.63327526;1;<=2015;0;1;92101;13000;sedan;0;0;0;1;1;0-9a
785763;16-25;F;Mayoria;ninguno;clase baja;0.537944104;0;<=2015;0;0;10238;17000;sedan;0;0;0;1;1;0-9a
607386;16-25;M;Minoria;ninguno;clase baja;0.341040653;1;<=2015;1;1;10238;14000;sedan;0;0;0;1;1;0-9a
408905;16-25;M;Mayoria;universidad;clase trabajadora;0.329391882;1;>2015;1;0;10238;12000;sedan;0;0;0;0;1;0-9a
93567;16-25;F;Mayoria;ninguno;clase baja;0.27574613;0;<=2015;0;0;32765;13000;sedan;0;0;0;1;1;0-9a
105009;16-25;F;Mayoria;Bachillerato;clase baja;0.2299027;0;<=2015;1;0;10238;10000;sedan;0;0;0;1;1;0-9a
267023;16-25;M;Mayoria;Bachillerato;clase baja;0.318917739;1;<=2015;No;1;10238;11000;sedan;0;0;0;1;1;0-9a
308032;16-25;M;Mayoria;ninguno;clase baja;0.220160832;0;<=2015;0;0;32765;16000;sedan;0;0;0;1;1;0-9a
521217;16-25;M;Mayoria;universidad;clase media;0.389165436;1;<=2015;0;0;10238;13000;sedan;0;0;0;0;1;0-9a
897682;16-25;F;Mayoria;Bachillerato;clase trabajadora;0.371700961;1;>2015;0;1;10238;;sedan;0;0;0;0;1;0-9a
454160;26-39;M;Mayoria;ninguno;clase trabajadora;;1;>2015;0;1;10238;13000;sedan;0;0;0;0;1;0-9a
246580;65+;M;Mayoria;Bachillerato;clase alta;;1;<=2015;0;1;10238;15000;sedan;0;0;0;0;1;0-9a
558920;16-25;F;Mayoria;Bachillerato;clase baja;0.439883426;1;<=2015;1;1;10238;11000;sedan;0;0;0;0;1;0-9a
971853;40-64;F;Mayoria;universidad;clase alta;0.47794136;1;<=1900;1;1;32765;10000;sedan;0;0;0;1;1;0-9a
560952;40-64;M;Mayoria;Bachillerato;clase baja;0.321132416;1;<=2015;1;1;10238;12000;sedan;0;0;0;0;1;0-9a
902925;16-25;M;Mayoria;ninguno;clase baja;0.196580684;1;<=2015;0;0;10238;15000;sedan;0;0;0;1;1;0-9a
738180;16-25;F;Mayoria;Bachillerato;clase media;0.741877854;1;<=2015;0;0;32765;11000;sedan;0;0;0;0;1;0-9a
71068;26-39;M;Mayoria;universidad;clase alta;0.645129578;1;<=2015;0;1;10238;14000;sedan;0;0;0;1;2;10-19a
653656;40-64;F;Minoria;Bachillerato;clase alta;0.638730096;1;<=2015;1;1;32765;9000;sedan;0;0;0;0;1;0-9a
915288;65+;F;Mayoria;universidad;clase alta;0.823009628;1;<=2015;0;1;10238;12000;sedan;0;0;1;0;2;10-19a
908652;16-25;M;Mayoria;Bachillerato;clase media;0.393021888;0;<=2015;0;0;10238;13000;sedan;0;0;0;1;1;0-9a
370353;16-25;F;Mayoria;Bachillerato;clase trabajadora;0.487997777;1;<=2015;1;1;10238;11000;sedan;0;0;0;0;1;0-9a
306684;16-25;F;Mayoria;ninguno;clase baja;0.373351589;1;<=2015;0;0;10238;12000;sedan;0;0;0;1;1;0-9a
232634;16-25;M;Mayoria;ninguno;clase media;0.416392957;1;<=2015;0;0;32765;11000;sedan;0;0;0;1;1;0-9a
429676;65+;F;Mayoria;universidad;clase alta;0.710554182;0;>2015;1;1;10238;6000;sedan;0;0;0;0;1;0-9a
918188;16-25;F;Mayoria;universidad;clase trabajadora;0.427089491;0;>2015;0;1;10238;14000;sedan;0;0;0;1;1;0-9a
605330;16-25;M;Mayoria;ninguno;clase baja;0.236774996;1;<=2015;No;0;10238;15000;sedan;0;0;0;1;1;0-9a
71781;16-25;M;Mayoria;universidad;clase media;0.435046054;1;>2015;0;1;32765;10000;sedan;0;0;0;0;1;0-9a
485813;16-25;F;Mayoria;Bachillerato;clase media;;1;<=2015;0;0;92101;13000;sedan;0;0;0;1;1;0-9a
778864;65+;F;Minoria;universidad;clase alta;0.389589643;1;>2015;0;1;10238;;sedan;0;0;0;0;1;0-9a
928634;40-64;M;Mayoria;universidad;clase alta;0.525812289;1;<=2015;0;1;10238;15000;sedan;1;0;1;0;2;10-19a
499069;16-25;F;Mayoria;Bachillerato;clase media;0.277630444;1;>2015;1;1;10238;12000;deportivo;0;0;0;0;1;0-9a
587219;26-39;F;Minoria;Bachillerato;clase alta;0.703163213;1;<=2015;0;1;10238;11000;sedan;1;0;3;0;2;10-19a
103963;65+;F;Mayoria;Bachillerato;clase alta;0.701955173;1;<=1900;0;1;10238;;sedan;0;0;0;0;1;0-9a
843068;40-64;F;Mayoria;universidad;clase alta;;1;<=2015;0;1;32765;9000;sedan;2;0;0;0;3;20-29a
284919;40-64;F;Mayoria;universidad;clase alta;0.619035891;1;<=2015;0;1;10238;12000;deportivo;1;0;1;0;3;20-29a
789201;16-25;F;Mayoria;Bachillerato;clase trabajadora;0.471538024;0;<=2015;0;0;10238;14000;sedan;0;0;0;1;1;0-9a
969332;16-25;F;Mayoria;ninguno;clase trabajadora;0.458273294;1;<=2015;0;0;10238;18000;sedan;0;0;0;1;1;0-9a
144092;40-64;F;Mayoria;Bachillerato;clase media;0.675901419;0;<=2015;0;0;21217;15000;sedan;0;0;0;1;1;0-9a
927970;40-64;M;Minoria;Bachillerato;clase alta;0.637214415;1;<=2015;0;1;10238;12000;sedan;0;0;4;0;3;20-29a
273160;40-64;F;Mayoria;universidad;clase media;0.528315435;1;>2015;0;0;10238;14000;sedan;0;0;0;0;1;0-9a
684265;40-64;M;Mayoria;ninguno;clase alta;0.577551094;1;<=2015;0;1;10238;13000;sedan;3;0;2;0;3;20-29a
604528;65+;M;Mayoria;Bachillerato;clase alta;0.681440775;1;<=2015;0;1;32765;10000000;sedan;5;0;0;0;3;20-29a
211623;40-64;M;Mayoria;Bachillerato;clase alta;0.570333347;1;<=2015;0;1;10238;;sedan;1;0;2;0;3;20-29a
346737;16-25;F;Mayoria;universidad;clase trabajadora;0.605370052;1;<=2015;1;0;10238;11000;sedan;0;0;0;1;1;0-9a
453713;40-64;F;Mayoria;Bachillerato;clase alta;0.588993112;1;<=2015;1;0;10238;;sedan;0;0;0;0;1;0-9a
734708;40-64;F;Mayoria;universidad;clase alta;0.675741299;1;<=2015;1;1;10238;10000;sedan;0;0;0;0;1;0-9a
894225;16-25;F;Mayoria;ninguno;clase baja;0.521351038;0;<=2015;0;0;21217;17000;sedan;0;0;0;1;1;0-9a
290461;16-25;F;Mayoria;ninguno;clase baja;0.279634541;0;<=2015;0;0;10238;15000;sedan;0;0;0;1;1;0-9a
210010;65+;M;Mayoria;universidad;clase alta;0.620763126;1;>2015;1;1;32765;7000;sedan;0;0;0;1;1;0-9a
444073;16-25;M;Minoria;Bachillerato;clase trabajadora;0.472336478;1;>2015;1;0;92101;15000;sedan;0;0;0;1;1;0-9a
155646;16-25;M;Minoria;ninguno;clase baja;0.335272919;0;<=2015;0;0;10238;17000;sedan;0;0;0;1;1;0-9a
394054;16-25;F;Mayoria;universidad;clase trabajadora;0.428175277;1;<=2015;0;0;92101;;sedan;0;0;0;1;1;0-9a
64396;40-64;M;Mayoria;Bachillerato;clase alta;0.551699778;0;<=2015;0;1;32765;8000;sedan;6;3;2;0;3;20-29a
393949;40-64;F;Mayoria;universidad;clase alta;0.695375978;1;>2015;1;1;10238;6000;sedan;0;0;0;0;1;0-9a
126536;40-64;F;Mayoria;Bachillerato;clase alta;0.609455808;1;>2015;1;1;32765;8000;sedan;0;0;0;0;1;0-9a
454542;16-25;F;Mayoria;Bachillerato;clase trabajadora;0.390900098;0;<=2015;1;0;10238;15000;sedan;0;0;0;1;1;0-9a
741897;16-25;M;Mayoria;universidad;clase trabajadora;0.323531728;1;<=2015;0;0;32765;13000;sedan;0;0;0;1;1;0-9a
871873;16-25;F;Mayoria;ninguno;clase baja;0.157277433;1;<=2015;0;0;10238;13000;sedan;0;0;0;0;1;0-9a
42523;26-39;M;Mayoria;ninguno;clase baja;0.328765832;1;<=2015;0;0;32765;16000;sedan;0;0;0;1;1;0-9a
496624;40-64;F;Mayoria;universidad;clase alta;0.586121401;0;<=2015;1;1;10238;10000;sedan;0;0;0;0;1;0-9a
147303;40-64;M;Mayoria;universidad;clase alta;0.65158442;0;>2015;1;1;10238;11000;sedan;0;0;0;1;1;0-9a
957391;16-25;F;Mayoria;Bachillerato;clase baja;0.333622142;0;<=2015;1;1;10238;10000;sedan;0;0;0;1;1;0-9a
4953;40-64;M;Mayoria;ninguno;clase alta;0.687730957;1;>2015;0;0;10238;14000;sedan;0;0;0;0;1;0-9a
709815;26-39;F;Mayoria;universidad;clase trabajadora;0.325464156;1;<=2015;0;0;10238;13000;sedan;0;0;0;1;1;0-9a
584626;16-25;M;Mayoria;Bachillerato;clase media;0.319748554;1;<=2015;1;1;10238;9000;sedan;0;0;0;0;1;0-9a
856331;40-64;F;Mayoria;Bachillerato;clase alta;0.716748247;0;<=2015;0;1;32765;9000;deportivo;6;0;1;0;3;20-29a
136957;16-25;F;Mayoria;universidad;clase media;0.640424297;1;<=2015;1;1;10238;5000;sedan;0;0;0;1;1;0-9a
26981;16-25;F;Mayoria;universidad;clase media;0.530019635;1;<=2015;1;1;10238;12000;sedan;0;0;0;1;1;0-9a
44182;16-25;M;Mayoria;universidad;clase media;0.585968493;1;<=2015;0;0;10238;;sedan;0;0;0;1;1;0-9a
744591;26-39;M;Mayoria;Bachillerato;clase trabajadora;0.469428582;1;<=2015;0;0;10238;17000;sedan;0;0;0;1;1;0-9a
587731;16-25;M;Mayoria;universidad;clase media;0.401458306;0;<=2015;0;0;10238;14000;sedan;0;0;0;1;1;0-9a
385997;16-25;F;Mayoria;Bachillerato;clase trabajadora;0.3458428;1;>2015;0;0;10238;;sedan;0;0;0;0;1;0-9a
450283;65+;F;Mayoria;universidad;clase alta;0.634160729;1;<=2015;0;1;10238;;sedan;5;1;1;0;4;30a+
770058;16-25;F;Mayoria;universidad;clase baja;0.324004335;0;<=2015;0;0;92101;17000;sedan;0;0;0;1;1;0-9a
954393;16-25;M;Mayoria;universidad;clase trabajadora;0.377587943;1;>2015;0;0;10238;13000;sedan;0;0;0;0;1;0-9a
376223;16-25;F;Mayoria;Bachillerato;clase baja;0.283486494;1;<=2015;1;0;32765;;sedan;0;0;0;0;1;0-9a
965324;16-25;F;Minoria;ninguno;clase baja;0.388036681;0;<=2015;0;0;32765;11000;sedan;0;0;0;1;1;0-9a
634150;65+;M;Mayoria; ;clase alta;0.744582571;0;>2015;1;1;10238;10000;sedan;0;0;0;0;1;0-9a
442696;26-39;F;Mayoria;ninguno;clase trabajadora;0.435224778;1;<=2015;1;1;10238;13000;sedan;0;0;0;0;1;0-9a
146839;16-25;M;Mayoria;ninguno;clase baja;0.284157777;0;<=2015;0;0;32765;;sedan;0;0;0;1;1;0-9a
210290;65+;F;Mayoria;universidad;clase alta;0.612067945;1;<=2015;0;1;10238;9000;sedan;4;0;2;0;4;30a+
173889;40-64;M;Mayoria;universidad;clase alta;0.597622304;1;>2015;0;0;92101;19000;sedan;0;0;0;1;1;0-9a
691177;26-39;M;Mayoria;universidad;clase media;;0;>2015;0;1;32765;12000;sedan;0;0;0;1;1;0-9a
692670;16-25;F;Mayoria;Bachillerato;clase baja;0.498912908;0;<=2015;No;1;10238;;deportivo;0;0;0;1;1;0-9a
868876;65+;M;Mayoria;universidad;clase alta;0.325633143;1;<=2015;0;1;32765;15000;sedan;3;1;0;0;4;30a+
518188;26-39;F;Mayoria;ninguno;clase media;0.437422631;1;>2015;1;1;32765;12000;sedan;0;0;0;0;1;0-9a
698383;40-64;M;Mayoria;universidad;clase alta;0.535847548;0;>2015;1;0;10238;8000;sedan;0;0;0;1;1;0-9a
708830;65+;M;Mayoria;universidad;clase alta;0.585485906;0;<=2015;1;1;10238;12000;sedan;0;0;0;1;1;0-9a
345254;65+;M;Mayoria;universidad;clase alta;0.800004407;1;>2015;1;1;10238;10000;sedan;0;0;0;0;1;0-9a
582212;65+;M;Mayoria;universidad;clase alta;0.603898493;1;>2015;1;1;10238;9000;sedan;0;0;0;0;1;0-9a
648168;26-39;F;Mayoria;universidad;clase media;0.471736451;1;>2015;1;1;10238;10000;sedan;0;0;0;0;1;0-9a
325516;65+;F;Mayoria;ninguno;clase media;0.534287706;1;<=2015;1;1;10238;13000;sedan;0;0;0;0;1;0-9a
423497;16-25;F;Mayoria;Bachillerato;clase trabajadora;0.394163245;1;<=2015;0;0;10238;16000;sedan;0;0;0;1;1;0-9a
458933;40-64;M;Mayoria;Bachillerato;clase baja;0.23774298;1;<=2015;0;1;32765;9000;sedan;0;0;0;1;1;0-9a
397460;26-39;F;Mayoria;Bachillerato;clase media;0.700428182;1;<=2015;1;1;32765;13000;sedan;0;0;0;0;1;0-9a
925179;16-25;M;Mayoria;Bachillerato;clase baja;0.330659623;0;<=2015;0;1;32765;11000;sedan;0;0;0;1;1;0-9a
797595;16-25;F;Mayoria;Bachillerato;clase baja;0.456631673;0;<=2015;0;1;10238;;sedan;0;0;0;1;1;0-9a
322312;26-39;M;Mayoria;ninguno;clase trabajadora;0.320215212;0;<=2015;1;1;10238;12000;sedan;0;0;0;1;1;0-9a
687918;40-64;M;Mayoria;universidad;clase media;0.37997693;1;<=2015;1;1;32765;8000;sedan;0;0;0;0;1;0-9a
892539;650;M;Minoria;ninguno;clase alta;0.544033667;0;<=2015;1;1;10238;9000;sedan;0;0;0;1;1;0-9a
525251;40-64;M;Mayoria;universidad;clase media;0.586344861;1;<=2015;1;1;10238;8000;deportivo;0;0;0;1;1;0-9a
792693;16-25;F;Mayoria;ninguno;clase baja;0.539101838;1;<=2015;0;1;92101;9000;sedan;0;0;0;1;1;0-9a
415415;16-25;M;Mayoria;universidad;clase media;0.564234087;1;<=2015;1;0;10238;12000;sedan;0;0;0;1;1;0-9a
857314;16-25;F;Mayoria;Bachillerato;clase baja;0.469887986;1;<=2015;0;1;10238;13000;sedan;0;0;0;0;1;0-9a
936406;26-39;M;Mayoria;universidad;clase media;0.536366006;1;<=2015;0;0;10238;13000;sedan;0;0;0;1;1;0-9a
202664;16-25;M;Mayoria;ninguno;clase baja;0.32515079;0;<=2015;1;1;32765;6000;sedan;0;0;0;1;1;0-9a
710895;16-25;M;Mayoria;Bachillerato;clase baja;0.26787678;0;<=2015;0;0;10238;14000;sedan;0;0;0;1;1;0-9a
434129;16-25;M;Mayoria;ninguno;clase baja;0.303899397;1;<=2015;0;0;32765;9000;sedan;0;0;0;0;1;0-9a
575729;26-39;M;Mayoria;universidad;clase alta;0.452509477;0;<=2015;0;0;10238;18000;sedan;0;0;0;1;1;0-9a
698147;26-39;M;Mayoria;Bachillerato;clase baja;0.34749205;0;<=2015;0;1;32765;13000;sedan;0;0;0;1;1;0-9a
178698;40-64;M;Mayoria;universidad;clase alta;0.619511194;1;>2015;1;1;10238;10000;sedan;0;0;0;1;1;0-9a
956534;16-25;F;Mayoria;ninguno;clase baja;;0;<=2015;0;0;10238;15000;sedan;0;0;0;1;1;0-9a
805314;16-250;M;Mayoria;ninguno;clase baja;0.326987709;0;<=2015;0;1;10238;10000;sedan;0;0;0;1;1;0-9a
55712;26-39;F;Mayoria;Bachillerato;clase alta;0.642313206;0;<=2015;0;0;10238;14000;sedan;0;0;0;1;1;0-9a
333280;65+;M;Mayoria;universidad;clase alta;0.595013659;1;<=2015;1;1;10238;10000;sedan;0;0;0;0;1;0-9a
395478;16-25;M;Mayoria;ninguno;clase baja;0.411571851;0;<=2015;0;1;10238;13000;sedan;0;0;0;1;1;0-9a
485798;16-25;F;Mayoria;Bachillerato;clase baja;0.289787144;0;>2015;0;0;10238;13000;sedan;0;0;0;0;1;0-9a
233554;16-25;F;Mayoria;Bachillerato;clase baja;0.337797529;0;<=2015;0;0;10238;9000;sedan;0;0;0;1;1;0-9a
772295;16-25;M;Minoria;ninguno;clase baja;0.361560412;0;<=2015;0;1;10238;12000;sedan;0;0;0;1;1;0-9a
149960;16-25;M;Mayoria;universidad;clase baja;0.280870514;0;<=2015;0;1;10238;13000;sedan;0;0;0;1;1;0-9a
883534;16-25;M;Mayoria;Bachillerato;clase media;0.429401479;0;>2015;1;1;10238;11000;sedan;0;0;0;1;1;0-9a
30215;16-25;F;Mayoria;Bachillerato;clase baja;0.354326542;0;<=2015;0;0;10238;12000;sedan;0;0;0;1;1;0-9a
671080;16-25;F;Mayoria;Bachillerato;clase trabajadora;0.670584025;1;<=2015;1;0;32765;12000;sedan;0;0;0;1;1;0-9a
293850;16-25;M;Mayoria;ninguno;clase baja;0.414329949;1;<=2015;0;1;10238;15000;sedan;0;0;0;1;1;0-9a
659705;16-25;F;Mayoria;Bachillerato;clase baja;0.158475283;0;<=2015;0;1;32765;10000;deportivo;0;0;0;1;1;0-9a
678182;16-25;M;Mayoria;universidad;clase media;0.550816908;0;<=2015;0;0;32765;11000;sedan;0;0;0;1;1;0-9a
735228;16-25;F;Minoria;ninguno;clase baja;;0;<=2015;0;1;10238;14000;sedan;0;0;0;1;1;0-9a
33610;16-25;M;Mayoria;ninguno;clase baja;0.492302095;0;<=2015;0;0;10238;17000;sedan;0;0;0;1;1;0-9a
87906;16-25;M;Mayoria;universidad;clase alta;0.514562538;1;>2015;1;0;32765;9000;sedan;0;0;0;0;1;0-9a
16925;16-25;M;Mayoria;Bachillerato;clase baja;0.405379465;0;<=2015;1;0;10238;;sedan;0;0;0;1;1;0-9a
491650;26-39;M;Mayoria;Bachillerato;clase media;0.577028007;1;<=2015;0;0;10238;12000;sedan;0;0;0;0;1;0-9a
586547;16-25;F;Mayoria;Bachillerato;clase baja;0.250208466;1;<=2015;0;1;32765;10000;sedan;0;0;0;0;1;0-9a
574071;65+;M;Mayoria;Bachillerato;clase alta;0.587782613;1;<=2015;1;1;10238;;sedan;0;0;0;0;1;0-9a
464094;26-39;F;Mayoria;Bachillerato;clase alta;0.561293546;1;>2015;0;1;10238;13000;sedan;0;0;0;0;1;0-9a
641074;16-25;M;Mayoria;universidad;clase trabajadora;0.353227146;1;<=2015;0;0;32765;12000;sedan;0;0;0;0;1;0-9a
265738;26-39;M;Minoria;Bachillerato;clase alta;0.662384599;1;>2015;1;0;32765;12000;sedan;0;0;0;0;1;0-9a
196030;16-25;M;Mayoria;universidad;clase baja;;1;<=2015;0;1;10238;11000;sedan;0;0;0;1;1;0-9a
258366;16-25;M;Mayoria;Bachillerato;clase media;0.477831597;1;<=2015;1;0;10238;13000;sedan;0;0;0;1;1;0-9a
73432;16-25;F;Mayoria;Bachillerato;clase baja;0.303528925;0;<=2015;0;1;10238;12000;sedan;0;0;0;1;1;0-9a
488074;26-39;F;Minoria;ninguno;clase baja;0.388137212;0;<=2015;0;1;10238;14000;sedan;0;0;0;1;1;0-9a
619056;16-25;M;Minoria;ninguno;clase baja;0.379507409;0;<=2015;0;1;10238;11000;sedan;0;0;0;1;1;0-9a
425719;16-25;F;Mayoria;ninguno;clase trabajadora;0.365539333;1;>2015;0;1;10238;11000;sedan;0;0;0;0;1;0-9a
268094;16-250;F;Mayoria;ninguno;clase baja;0.43241251;1;<=2015;0;0;32765;12000;sedan;0;0;0;1;1;0-9a
810013;16-25;M;Mayoria;universidad;clase trabajadora;0.457648682;1;>2015;0;0;10238;14000;deportivo;0;0;0;1;1;0-9a
795820;16-25;M;Mayoria;Bachillerato;clase trabajadora;0.348935869;1;>2015;0;0;32765;9000;sedan;0;0;0;0;1;0-9a
761911;40-64;M;Mayoria;ninguno;clase baja;0.202708438;0;<=2015;0;1;32765;11000;sedan;0;0;0;1;1;0-9a
739932;16-25;F;Mayoria;Bachillerato;clase baja;0.428983203;0;<=2015;1;1;32765;12000;sedan;0;0;0;1;1;0-9a
775983;16-25;M;Minoria;universidad;clase baja;0.239178151;1;<=2015;0;1;10238;13000;sedan;0;0;0;1;1;0-9a
980812;40-64;M;Mayoria;universidad;clase alta;0.676737843;1;>2015;0;0;10238;18000;sedan;0;0;0;0;1;0-9a
726199;65+;M;Mayoria;Bachillerato;clase alta;0.586645344;1;>2015;0;1;32765;7000;sedan;0;0;0;0;1;0-9a
572861;16-25;F;Mayoria;ninguno;clase baja;0.300332343;1;<=2015;1;0;10238;14000;sedan;0;0;0;1;1;0-9a
290427;16-25;F;Mayoria;ninguno;clase media;0.447404767;1;<=2015;No;1;32765;10000;sedan;0;0;0;0;1;0-9a
527814;26-39;M;Minoria;ninguno;clase baja;0.509041398;0;<=2015;0;1;10238;11000;sedan;1;0;3;1;2;10-19a
924311;16-25;M;Mayoria;Bachillerato;clase trabajadora;0.451666059;1;>2015;0;0;32765;12000;sedan;0;0;0;0;1;0-9a
400674;26-39;M;Mayoria;universidad;clase trabajadora;0.413922664;0;<=2015;1;1;32765;11000;sedan;1;0;1;1;2;10-19a
583790;26-39;F;Mayoria;ninguno;clase trabajadora;0.405377992;1;<=2015;0;0;32765;13000;sedan;2;0;1;1;2;10-19a
188958;65+;M;Mayoria;universidad;clase alta;0.556976924;1;<=2015;1;0;32765;8000;sedan;4;0;2;1;2;10-19a
329918;40-64;M;Mayoria;Bachillerato;clase alta;0.659515285;1;>2015;0;0;32765;;sedan;2;1;0;0;2;10-19a
849354;26-39;M;Mayoria;Bachillerato;clase trabajadora;;1;<=2015;1;0;32765;11000;sedan;1;1;0;0;2;10-19a
672216;26-39;F;Mayoria;Bachillerato;clase baja;0.496499646;1;<=2015;0;1;32765;11000;sedan;1;0;1;1;2;10-19a
304702;26-39;F;Mayoria;Bachillerato;clase media;0.504014087;0;<=2015;0;0;10238;15000;sedan;0;0;2;0;2;10-19a
600208;26-39;F;Minoria;ninguno;clase baja;0.503246186;0;<=2015;1;1;10238;;sedan;1;0;2;1;2;10-19a
206538;65+;F;Mayoria;universidad;clase alta;0.648477343;1;<=2015;1;1;10238;8000;sedan;0;0;0;0;2;10-19a
574170;40-64;F;Mayoria;universidad;clase alta;0.635480702;1;<=2015;1;1;32765;12000;sedan;0;0;1;1;2;10-19a
856974;26-39;F;Mayoria;Bachillerato;clase baja;0.50738275;0;<=2015;0;1;10238;15000;sedan;0;0;0;0;2;10-19a
709357;40-64;F;Mayoria;universidad;clase alta;0.769706028;1;<=2015;1;1;10238;15000;sedan;1;0;0;0;2;10-19a
761576;65+;F;Mayoria;universidad;clase alta;0.68516589;1;>2015;1;1;32765;9000;sedan;4;0;1;0;2;10-19a
119547;65+;F;Mayoria;Bachillerato;clase alta;0.77213039; ;<=2015;1;1;10238;10000000;sedan;0;0;0;0;2;10-19a
659468;65+;M;Mayoria;universidad;clase alta;0.554603094;1;<=2015;0;Si;10238;12000;sedan;2;0;2;1;2;10-19a
618914;65+;F;Mayoria;universidad;clase alta;0.914116859;1;<=2015;1;1;10238;7000;sedan;0;0;0;0;2;10-19a
422409;26-39;F;Mayoria;Bachillerato;clase baja;0.323395221;1;<=2015;0;1;32765;12000;sedan;2;0;2;0;2;10-19a
963857;26-39;F;Mayoria;Bachillerato;clase baja;;0;<=2015;0;1;10238;12000;sedan;0;0;1;1;2;10-19a
681565;26-39;M;Mayoria;universidad;clase media;0.586105274;1;<=2015;1;0;10238;10000;sedan;0;0;2;0;2;10-19a
599086;65+;M;Minoria;universidad; ;0.751226425;1;>2015;0;1;10238;16000;sedan;0;0;0;0;2;10-19a
148832;26-39;F;Minoria;ninguno;clase baja;0.342387747;0;<=2015;0;1;32765;16000;sedan;1;0;0;1;2;10-19a
535459;26-39;M;Minoria;Bachillerato;clase media;0.600731876;1;>2015;0;0;10238;17000;sedan;2;0;1;0;2;10-19a
701369;26-39;F;Mayoria;universidad;clase media;0.481160766;1;>2015;0;0;10238;17000;sedan;1;0;1;0;2;10-19a
764835;26-39;M;Minoria;Bachillerato;clase baja;0.30456846;0;<=2015;0;0;10238;14000;sedan;1;0;1;0;2;10-19a
411147;26-39;M;Mayoria;Bachillerato;clase media;0.436547666;1;<=2015;1;1;32765;10000;sedan;2;1;2;0;2;10-19a
139861;40-64;F;Mayoria;Bachillerato;clase alta;0.583060318;1;>2015;1;1;32765;7000;sedan;2;0;2;0;2;10-19a
579072;40-64;F;Mayoria;Bachillerato;clase media;0.431506877;1;<=2015;1;1;92101;15000;sedan;0;0;0;1;2;10-19a
514494;65+;F;Mayoria;Bachillerato;clase baja;0.352860794;1;<=2015;0;Si;10238;13000;sedan;0;0;1;1;2;10-19a
317838;40-64;M;Mayoria;universidad;clase alta;0.61865205;1;<=2015;1;1;10238;;sedan;1;1;1;0;2;10-19a
516195;26-39;F;Mayoria;Bachillerato;clase baja;0.338320669;1;<=2015;0;1;10238;15000;sedan;1;0;0;0;2;10-19a
574217;40-64;M;Mayoria;universidad;clase alta;0.543371896;0;>2015;0;0;32765;12000;sedan;7;0;0;0;2;10-19a
198178;26-39;M;Mayoria;universidad;clase alta;0.584195405;1;<=2015;0;0;10238;15000;sedan;2;0;0;0;2;10-19a
207547;26-39;F;Mayoria;Bachillerato;clase media;0.499314811;1;>2015;0;0;10238;17000;sedan;0;0;1;0;2;10-19a
24737;40-64;F;Mayoria;ninguno;clase baja;0.519454276;0;<=2015;0;1;32765;10000;sedan;6;1;1;0;3;20-29a
861645;40-64;M;Mayoria;Bachillerato;clase baja;0.265114949;0;<=2015;0;Si;10238;14000;sedan;4;2;2;0;3;20-29a
442558;26-39;F;Mayoria;Bachillerato;clase alta;0.430521687;1;<=2015;1;1;10238;;sedan;0;0;0;0;2;10-19a
496158;40-64;M;Mayoria;Bachillerato;clase alta;0.602490186;1;>2015;1;1;32765;6000;sedan;5;0;1;0;2;10-19a
264604;26-39;M;Mayoria;ninguno;clase media;0.618000137;1;<=2015;0;0;10238;15000;sedan;0;0;0;0;2;10-19a
938476;26-39;M;Minoria;Bachillerato;clase media;0.595281763;1;<=2015;1;1;32765;8000;sedan;1;0;1;0;2;10-19a
673153;26-39;M;Mayoria;Bachillerato;clase baja;0.343564232;0;<=2015;0;Si;32765;11000;sedan;5;0;2;1;2;10-19a
230454;26-39;M;Mayoria;Bachillerato;clase media;0.66750902;1;<=2015;0;0;10238;14000;sedan;2;0;3;0;2;10-19a
395965;40-64;M;Mayoria;universidad;clase alta;0.691736329;1;<=2015;1;1;10238;9000;sedan;3;0;1;0;2;10-19a
870932;40-64;M;Mayoria;universidad;clase alta;0.524243914;1;>2015;1;1;10238;10000;sedan;2;0;3;0;2;10-19a
750304;40-64;F;Mayoria;Bachillerato;clase media;0.652976525;1;<=2015;0;1;32765;15000;sedan;0;0;0;0;1;0-9a
757103;26-39;F;Mayoria;Bachillerato;clase baja;0.520014759;0;<=2015;0;0;10238;15000;sedan;2;0;1;0;2;10-19a
824647;26-39;F;Mayoria;Bachillerato;clase baja;0.423379549;1;<=2015;0;0;10238;;sedan;0;0;1;0;2;10-19a
787748;26-39;M;Mayoria;Bachillerato;clase media;0.376782035;1;>2015;0;0;10238;;sedan;3;0;1;0;2;10-19a
428969;26-39;F;Mayoria;Bachillerato;clase alta;0.631474653;1;>2015;1;1;10238;9000;sedan;0;0;1;0;2;10-19a
296948;40-64;M;Mayoria;universidad;clase alta;0.670464547;1;>2015;1;1;10238;14000;sedan;0;0;0;0;2;10-19a
747726;40-64;F;Mayoria;universidad;clase media;;1;>2015;0;1;10238;11000;sedan;0;0;0;0;2;10-19a
544213;26-39;M;Mayoria;universidad;clase media;0.514785453;0;<=2015;0;0;32765;18000;sedan;2;0;0;1;2;10-19a
18706;26-39;M;Mayoria;universidad;clase media;0.576991391;1;<=2015;1;0;10238;14000;sedan;1;0;2;0;2;10-19a
862250;26-39;M;Mayoria;ninguno;clase trabajadora;0.507358995;1;>2015;0;0;10238;11000;sedan;0;0;3;0;2;10-19a
842700;26-39;M;Mayoria;Bachillerato;clase media;0.388442052;1;<=2015;0;Si;21217;12000;sedan;0;0;0;1;1;0-9a
86029;26-39;F;Mayoria;universidad;clase alta;0.701763534;1;<=2015;1;1;10238;8000;sedan;0;0;0;0;2;10-19a
968311;65+;M;Mayoria;universidad;clase alta;0.578732151;1;>2015;1;1;10238;7000;sedan;2;0;1;0;2;10-19a
766071;26-39;F;Mayoria;universidad;clase trabajadora;0.345210204;1;<=2015;0;0;10238;19000;sedan;0;1;0;0;2;10-19a
586430;26-39;M;Mayoria;universidad;clase alta;0.627726216;0;<=2015;1;1;10238;10000;sedan;0;0;4;0;2;10-19a
945424;65+;M;Mayoria;Bachillerato;clase alta;0.536008883;1;<=2015;1;1;10238;12000;sedan;0;0;1;0;2;10-19a
479267;26-39;M;Mayoria;Bachillerato;clase trabajadora;0.283549998;1;<=2015;1;0;10238;11000;sedan;4;0;0;0;2;10-19a
613989;26-39;M;Mayoria;Bachillerato;clase media;0.464676289;0;>2015;1;1;10238;12000;sedan;1;1;1;1;2;10-19a
609451;26-39;M;Mayoria;Bachillerato;clase trabajadora;0.341802537;0;<=2015;1;0;32765;12000;sedan;3;0;2;1;2;10-19a
88713;26-39;F;Mayoria;Bachillerato;clase media;;1;<=2015;No;1;10238;13000;sedan;1;0;0;0;2;10-19a
666008;26-39;F;Mayoria;Bachillerato;clase media;0.5074866;1;<=2015;0;1;10238;13000;sedan;0;0;0;0;1;0-9a
87308;16-25;F;Mayoria;Bachillerato;clase media;0.533805839;1;<=2015;0;1;32765;12000;sedan;0;0;0;0;1;0-9a
408070;26-39;M;Mayoria;Bachillerato;clase alta;;1;<=2015;0;0;10238;13000;sedan;0;1;0;0;2;10-19a
493806;26-39;F;Mayoria;universidad;clase alta;;1;>2015;1;1;10238;15000;sedan;3;0;1;0;2;10-19a
768114;26-39;F;Mayoria;Bachillerato;clase alta;0.712662757;1;<=2015;0;0;32765;15000;sedan;0;0;1;0;2;10-19a
953288;65+;F;Mayoria;universidad;clase alta;;1;>2015;1;1;21217;13000;sedan;3;0;1;1;2;10-19a
919934;26-39;M;Mayoria;universidad;clase alta;0.572845669;1;<=2015;1;0;32765;11000;sedan;8;1;1;1;2;10-19a
934754;65+;F;Mayoria;Bachillerato;clase alta;0.724643866;1;>2015;1;1;92101;10000;sedan;1;0;0;0;2;10-19a
4617;26-39;M;Mayoria;universidad;clase alta;0.697630001;1;>2015;1;0;32765;12000;deportivo;3;1;2;0;2;10-19a
952862;40-64;F;Mayoria;Bachillerato;clase alta;0.374098895;1;>2015;1;0;10238;11000;sedan;0;0;1;0;2;10-19a
115691;26-39;M;Mayoria;Bachillerato;clase baja;0.307942014;1;<=2015;1;1;32765;8000;sedan;3;1;1;0;2;10-19a
365540;65+;F;Mayoria;universidad;clase alta;0.859001241; ;>2015;0;0;10238;15000;sedan;1;1;0;0;2;10-19a
318837;40-64;M;Mayoria;universidad;clase alta;;1;<=2015;1;1;10238;;sedan;0;0;3;0;2;10-19a
894333;16-25;M;Mayoria;Bachillerato;clase media;0.685567095;1;<=2015;0;1;32765;11000;sedan;0;0;0;1;1;0-9a
742122;40-64;M;Mayoria;universidad;clase alta;0.522499419;1;>2015;0;0;32765;16000;sedan;0;0;0;1;2;10-19a
635692;26-39;F;Mayoria;Bachillerato;clase media;0.59388778;1;<=2015;0;1;10238;14000;sedan;1;0;0;0;2;10-19a
905425;26-39;M;Mayoria;Bachillerato;clase media;0.516147889;0;<=2015;1;1;32765;;sedan;4;0;0;1;2;10-19a
865947;40-64;F;Mayoria;universidad;clase alta;0.461944726;1;<=2015;1;1;32765;7000;sedan;1;2;0;1;2;10-19a
30599;40-64;M;Mayoria;universidad;clase alta;0.558915157;0;>2015;1;1;10238;12000;sedan;5;0;2;0;2;10-19a
760605;26-39;F;Mayoria;ninguno;clase media;0.505032463;0;<=2015;0;Si;32765;11000;sedan;2;0;0;1;2;10-19a
923366;40-64;M;Mayoria;universidad;clase media;0.532612984;1;<=2015;0;1;10238;11000;sedan;1;0;3;0;2;10-19a
998306;26-39;M;Mayoria;universidad;clase media;0.498815133;1;<=2015;0;1;10238;11000;sedan;1;0;1;1;2;10-19a
375315;40-64;M;Mayoria;universidad;clase alta;;1;<=2015;1;0;32765;13000;deportivo;2;3;0;1;2;10-19a
988795;26-39;M;Mayoria;universidad;clase media;0.433437333;1;<=2015;0;0;32765;13000;deportivo;1;0;1;0;2;10-19a
710419;26-39;F;Mayoria;ninguno;clase alta;0.571239987;1;>2015;1;1;10238;11000;sedan;0;0;1;0;2;10-19a
892833;26-39;M;Mayoria;Bachillerato;clase media;0.566076072;1;<=2015;0;1;32765;11000;sedan;5;0;0;0;2;10-19a
441183;26-39;F;Mayoria;Bachillerato;clase media;0.578908639;1;<=2015;0;1;10238;9000;deportivo;0;1;1;0;2;10-19a
503387;26-39;M;Mayoria;Bachillerato;clase media;0.385094267;0;<=2015;0;0;10238;;sedan;1;0;1;0;2;10-19a
634976;26-39;F;Mayoria;Bachillerato;clase alta;0.612923003;1;>2015;0;1;10238;14000;sedan;0;0;0;0;2;10-19a
198903;26-39;F;Mayoria;universidad;clase media;0.407547151;1;<=2015;0;0;32765;13000;sedan;2;0;0;0;2;10-19a
534080;40-64;M;Mayoria;universidad;clase alta;0.404602176;1;>2015;1;0;10238;15000;sedan;0;0;0;0;2;10-19a
705399;40-64;F;Mayoria;universidad;clase alta;0.552018389;1;>2015;0;0;10238;13000;sedan;0;0;0;0;2;10-19a
264463;26-39;M;Minoria;ninguno;clase trabajadora;0.316207514;0;<=2015;1;1;10238;10000;sedan;1;0;4;1;2;10-19a
79260;26-39;M;Mayoria;universidad;clase media;0.477259201;0;<=2015;0;1;10238;13000;sedan;2;0;4;1;2;10-19a
458054;40-64;M;Mayoria;ninguno;clase media;0.492103465;1;<=2015;0;1;10238;15000;sedan;5;0;1;0;2;10-19a
677756;26-39;M;Minoria;Bachillerato;clase trabajadora;0.430887;0;>2015;1;0;10238;13000;sedan;2;1;1;1;2;10-19a
207087;65+;F;Mayoria;universidad;clase alta;0.637563782;1;<=2015;1;1;10238;;sedan;0;0;0;0;2;10-19a
496015;26-39;F;Mayoria;universidad;clase media;0.343318749;1;>2015;0;0;32765;12000;sedan;4;0;0;0;2;10-19a
977100;40-64;M;Mayoria;universidad;clase media;0.546021268;1;>2015;1;1;21217;10000;sedan;1;0;0;1;2;10-19a
450963;26-39;M;Mayoria;universidad;clase alta;0.55927274;1;<=2015;1;1;10238;13000;sedan;4;0;1;0;2;10-19a
458054;40-64;M;Mayoria;ninguno;clase media;0.492103465;1;<=2015;0;1;10238;15000;sedan;5;0;1;0;2;10-19a
414497;40-64;M;Mayoria;universidad;clase alta;0.557169714;1;>2015;1;1;10238;11000;sedan;0;0;0;0;2;10-19a
233436;26-39;F;Mayoria;universidad;clase alta;0.383701234;1;<=2015;0;0;10238;13000;sedan;0;0;0;0;2;10-19a
790141;40-64;M;Mayoria;universidad;clase media;0.425274052;0;<=2015;0;0;10238;12000;sedan;2;0;0;1;2;10-19a
893682;26-39;M;Mayoria;universidad;clase media;0.685265206;1;<=2015;0;1;10238;17000;sedan;1;0;0;0;2;10-19a
980227;40-64;M;Mayoria;universidad;clase alta;0.474976958;1;>2015;1;0;92101;12000;sedan;2;0;1;0;2;10-19a
625580;40-64;M;Mayoria;universidad;clase alta;0.529352012;1;<=2015;1;1;10238;9000;sedan;2;0;3;0;2;10-19a
178836;40-64;F;Mayoria;Bachillerato;clase media;0.577989111;1;<=2015;0;1;10238;13000;sedan;0;0;0;0;2;10-19a
625565;26-39;M;Mayoria;Bachillerato;clase media;;0;>2015;0;1;10238;13000;sedan;1;0;2;1;2;10-19a
293682;40-64;F;Mayoria;universidad;clase alta;0.746526496;1;>2015;1;1;32765;9000;sedan;2;0;0;0;2;10-19a
322243;26-39;F;Mayoria;Bachillerato;clase media;0.574492294;1;<=2015;0;0;32765;10000;sedan;0;0;0;0;2;10-19a
988023;26-39;F;Mayoria;ninguno;clase baja;0.337825185;1;<=2015;1;1;32765;8000;sedan;3;0;0;0;2;10-19a
195959;40-64;M;Mayoria;universidad;clase alta;0.674971897;1;>2015;1;1;92101;12000;sedan;2;0;0;0;2;10-19a
404518;26-39;F;Mayoria;Bachillerato;clase alta;0.724728914;1;<=2015;1;1;10238;11000;sedan;3;0;2;0;2;10-19a
793749;26-39;M;Mayoria;universidad;clase trabajadora;0.465045856;0;<=2015;1;0;32765;;sedan;4;2;1;0;2;10-19a
150730;26-39;M;Minoria;Bachillerato;clase trabajadora;;0;<=2015;1;1;92101;7000;sedan;3;0;1;0;2;10-19a
783720;26-39;M;Minoria;Bachillerato;clase media;0.535878012;0;<=2015;0;1;10238;11000;sedan;0;0;1;0;2;10-19a
968169;26-39;F;Mayoria;Bachillerato;clase media;0.418459436;0;<=2015;0;1;10238;12000;sedan;0;0;0;0;2;10-19a
11666;26-39;F;Mayoria;Bachillerato;clase trabajadora;0.38838568;0;<=2015;0;0;32765;13000;sedan;1;0;0;1;2;10-19a
834997;26-39;M;Mayoria;universidad;clase alta;0.504391532;0;<=2015;1;0;32765;10000;sedan;2;0;2;1;2;10-19a
263434;26-39;M;Mayoria;universidad;clase alta;0.562346446;1;>2015;1;1;10238;8000;sedan;1;0;3;0;2;10-19a
942441;26-39;F;Minoria;Bachillerato;clase trabajadora;;0;>2015;0;0;10238;15000;sedan;1;0;0;0;2;10-19a
806041;65+;F;Minoria;universidad;clase alta;0.664944594;1;<=2015;1;1;10238;14000;sedan;0;0;0;0;2;10-19a
25949;26-39;M;Mayoria;Bachillerato;clase trabajadora;0.429465354;0;<=2015;1;0;10238;12000;sedan;3;0;3;1;2;10-19a
265061;26-39;M;Mayoria;universidad;clase media;0.442672318;1;<=2015;1;0;92101;10000;deportivo;0;1;0;1;2;10-19a
812307;40-64;F;Mayoria;ninguno;clase media;;1;<=2015;0;1;10238;;sedan;4;0;0;0;3;20-29a
720877;65+;F;Mayoria;universidad;clase alta;0.691016445;1;<=2015;1;1;10238;12000;deportivo;3;0;0;0;2;10-19a
70825;26-39;M;Mayoria;universidad;clase trabajadora;0.307398967;1;<=2015;0;0;10238;14000;sedan;3;0;0;0;2;10-19a
407773;65+;F;Mayoria;Bachillerato;clase alta;0.605727868;1;>2015;0;1;32765;9000;sedan;1;0;1;0;2;10-19a
436666;26-39;M;Mayoria;ninguno;clase baja;0.439451416;0;>2015;0;0;32765;14000;deportivo;0;0;0;1;2;10-19a
313949;26-39;M;Mayoria;ninguno;clase baja;0.415735842;0;<=2015;1;1;10238;10000;sedan;1;0;1;1;2;10-19a
143460;26-39;F;Mayoria;universidad;clase alta;0.718050004;0;<=2015;1;0;10238;14000;sedan;0;0;1;0;2;10-19a
9905;40-64;F;Mayoria;Bachillerato;clase media;0.51784963;1;<=2015;0;1;10238;12000;sedan;0;0;0;0;3;20-29a
679945;26-39;F;Mayoria;universidad;clase alta;0.552264023;1;<=2015;0;0;10238;17000;sedan;0;0;0;0;2;10-19a
738651;26-39;M;Mayoria;universidad;clase media;0.395607482;1;>2015;0;0;10238;15000;sedan;0;0;1;0;2;10-19a
664407;40-64;M;Mayoria;Bachillerato;clase trabajadora;0.69049858;0;<=2015;1;1;32765;10000;sedan;2;0;1;1;2;10-19a
510806;40-64;F;Minoria;Bachillerato;clase trabajadora;;1;<=2015;1;1;10238;10000;sedan;0;0;3;0;2;10-19a
781339;65+;F;Mayoria;universidad;clase alta;0.596951171;1;>2015;0;1;10238;15000;sedan;0;0;0;0;2;10-19a
393613;26-39;F;Mayoria;Bachillerato;clase trabajadora;0.489533473;1;<=2015;0;0;92101;13000;sedan;1;1;0;0;2;10-19a
232262;650;M;Mayoria;Bachillerato;clase alta;0.399531011;1;>2015;1;1;10238;9000;sedan;2;0;0;0;2;10-19a
699767;26-39;M;Mayoria;universidad;clase alta;0.634413036;0;<=2015;0;0;32765;10000;sedan;2;0;0;1;2;10-19a
695062;40-64;M;Mayoria;Bachillerato;clase media;0.487458198;1;<=2015;0;1;92101;12000;sedan;2;1;1;0;3;20-29a
175707;65+;M;Mayoria;Bachillerato;clase alta;0.522977046;0;>2015;1;1;10238;;sedan;0;0;0;0;2;10-19a
789098;26-39;F;Mayoria;Bachillerato;clase trabajadora;0.360775239;0;<=2015;0;0;10238;14000;sedan;1;0;0;0;2;10-19a
884798;26-39;M;Mayoria;Bachillerato;clase media;0.569309866;0;<=2015;1;1;10238;12000;sedan;3;0;2;0;2;10-19a
8464;65+;M;Mayoria;universidad;clase alta;;1;>2015;1;100;10238;;sedan;3;0;2;0;2;10-19a
594112;65+;M;Mayoria; ;clase media;;1;<=2015;0;1;32765;11000;sedan;7;2;3;0;4;30a+
598245;40-64;F;Mayoria;universidad;clase alta;0.634489214;1;<=2015;1;1;10238;13000;sedan;0;1;0;0;2;10-19a
884549;26-39;F;Mayoria;ninguno;clase trabajadora;0.714956372;1;<=2015;1;1;10238;11000;sedan;1;0;0;0;2;10-19a
864818;26-39;M;Minoria;Bachillerato;clase media;0.502012937;1;<=2015;1;1;10238;10000;sedan;2;0;3;0;2;10-19a
583013;26-39;M;Mayoria;Bachillerato;clase trabajadora;0.436379466;0;>2015;0;1;10238;13000;sedan;3;2;0;0;2;10-19a
666008;26-39;F;Mayoria;Bachillerato;clase media;0.5074866;1;<=2015;0;1;10238;13000;sedan;0;0;0;0;1;0-9a
885068;650;M;Minoria;universidad;clase alta;0.573744455;1;<=2015;1;1;10238;;sedan;2;0;0;0;2;10-19a
335156;26-39;F;Mayoria;Bachillerato;clase trabajadora;0.350068521;1;<=2015;0;0;10238;17000;sedan;1;0;0;0;2;10-19a
557345;26-39;M;Mayoria;universidad;clase media;0.542309905;1;<=2015;0;0;32765;;sedan;1;1;0;0;2;10-19a
382343;65+;F;Mayoria;Bachillerato;clase alta;0.697125055;1;>2015;1;1;10238;13000;sedan;0;0;1;0;2;10-19a
666008;26-39;F;Mayoria;Bachillerato;clase media;0.5074866;1;<=2015;0;1;10238;13000;sedan;0;0;0;0;1;0-9a
211129;26-39;M;Mayoria;ninguno;clase trabajadora;0.337763772;0;>2015;1;0;10238;12000;sedan;2;1;2;0;2;10-19a
188958;65+;M;Mayoria;universidad;clase alta;0.556976924;1;<=2015;1;0;32765;8000;sedan;4;0;2;1;2;10-19a
734398;40-64;M;Mayoria;Bachillerato;clase media;0.384423097;1;<=2015;1;1;92101;11000;sedan;5;0;5;0;3;20-29a
666008;26-39;F;Mayoria;Bachillerato;clase media;0.5074866;1;<=2015;0;1;10238;13000;sedan;0;0;0;0;1;0-9a
61277;16-25;F;Mayoria;universidad;clase trabajadora;0.459473787;1;<=2015;0;1;10238;13000;sedan;0;0;0;1;1;0-9a
34569;40-64;M;Mayoria;universidad;clase alta;0.594733912;1;>2015;0;1;10238;11000;sedan;5;0;5;0;3;20-29a
84677;40-64;F;Mayoria;universidad;clase media;;1;<=2015;0;0;10238;14000;sedan;0;1;0;0;3;20-29a
345279;40-64;M;Mayoria;ninguno;clase trabajadora;;1;<=2015;1;1;10238;9000;sedan;0;1;2;0;3;20-29a
585690;40-64;M;Mayoria;ninguno;clase trabajadora;0.380241446;1;<=2015;1;1;32765;;sedan;8;1;1;0;3;20-29a
935526;40-64;M;Mayoria;Bachillerato;clase alta;0.720039794;1;>2015;1;1;10238;8000;sedan;2;0;2;0;3;20-29a
691130;65+;M;Mayoria;universidad;clase alta;0.640621307;1;<=2015;1;1;10238;12000;sedan;4;0;3;0;3;20-29a
75569;40-64;F;Mayoria;Bachillerato;clase alta;0.495628393;0;>2015;1;0;10238;11000;sedan;2;0;0;0;3;20-29a
43075;40-64;M;Mayoria;universidad;clase media;0.601290466;1;<=2015;1;1;10238;9000;sedan;2;0;3;0;3;20-29a
316960;40-64;F;Mayoria;universidad;clase alta;0.621845827;0;>2015;0;1;10238;15000;sedan;0;0;0;0;3;20-29a
355304;40-64;M;Mayoria;universidad;clase alta;0.545855471;1;<=2015;1;1;32765;;sedan;12;2;0;0;3;20-29a
167407;40-64;F;Mayoria;Bachillerato;clase media;;1;<=2015;1;1;10238;9000;sedan;2;1;1;0;3;20-29a
328531;40-64;F;Mayoria;universidad;clase media;0.387556944;0;>2015;0;1;32765;12000;sedan;2;0;1;0;3;20-29a
936450;40-64;F;Minoria;universidad;clase alta;0.617009112;1;>2015;1;1;10238;7000;sedan;0;0;1;0;3;20-29a
139099;40-64;F;Mayoria;universidad;clase media;0.545143781;1;<=2015;1;1;10238;14000;sedan;2;0;2;0;3;20-29a
276362;40-64;M;Mayoria;ninguno;clase media;;1;<=2015;1;0;10238;13000;sedan;3;1;4;0;3;20-29a
771470;26-39;M;Mayoria;Bachillerato;clase trabajadora;0.459215333;0;<=2015;0;1;10238;13000;deportivo;0;0;0;1;1;0-9a
679883;40-64;F;Mayoria;universidad;clase alta;0.711246465;1;<=2015;1;1;10238;10000;sedan;1;2;2;0;3;20-29a
377194;40-64;F;Mayoria;Bachillerato;clase alta;;1;>2015;1;1;10238;10000;deportivo;1;0;2;0;3;20-29a
394404;40-64;M;Mayoria;universidad;clase alta;0.550364728;1;>2015;1;1;10238;8000;sedan;5;0;3;0;3;20-29a
197533;40-64;F;Mayoria;universidad;clase media;0.636256838;1;<=2015;1;0;10238;14000;sedan;1;0;1;0;3;20-29a
43807;40-64;F;Mayoria;Bachillerato;clase alta;0.6488501;1;>2015;1;1;10238;12000;sedan;1;0;0;0;3;20-29a
708569;40-64;M;Mayoria;universidad;clase alta;0.47880471;0;<=2015;1;1;10238;9000;sedan;0;0;4;0;3;20-29a
498673;40-64;M;Mayoria;universidad;clase alta;0.695214831;1;<=2015;1;1;10238;9000;sedan;4;0;5;0;3;20-29a
886405;40-64;M;Mayoria;Bachillerato;clase alta;0.519095027;1;<=2015;1;1;32765;9000;sedan;4;1;1;0;3;20-29a
703183;40-64;F;Mayoria;Bachillerato;clase alta;0.652800634;1;>2015;1;1;32765;;sedan;3;1;0;0;3;20-29a
418431;40-64;M;Mayoria;Bachillerato;clase media;0.558219929;0;<=2015;1;1;10238;11000;deportivo;4;0;3;0;3;20-29a
47896;16-25;F;Mayoria;Bachillerato;clase trabajadora;0.541654422;1;<=2015;0;1;10238;15000;sedan;0;0;0;1;1;0-9a
631585;65+;F;Mayoria;universidad;clase alta;0.722674132;1;<=2015;1;1;32765;7000;sedan;1;0;0;0;3;20-29a
568922;65+;F;Mayoria;universidad;clase alta;0.65643766;1;>2015;1;1;10238;12000;sedan;4;0;3;0;3;20-29a
546701;65+;F;Mayoria;universidad;clase alta;0.607016904;1;<=2015;1;1;10238;11000;sedan;0;0;0;0;3;20-29a
512035;40-64;F;Mayoria;Bachillerato;clase trabajadora;0.450363459;0;<=2015;0;0;32765;7000;sedan;2;0;0;0;3;20-29a
719410;40-64;F;Mayoria;universidad;clase alta;0.686062893;1;>2015;1;1;32765;9000;sedan;4;0;0;0;3;20-29a
306470;40-64;M;Mayoria;Bachillerato;clase alta;;1;<=2015;1;0;10238;13000;sedan;4;0;1;0;3;20-29a
906732;40-64;M;Mayoria;Bachillerato;clase media;0.486211853;1;>2015;1;1;10238;6000;sedan;2;0;4;0;3;20-29a
950709;40-64;M;Mayoria;universidad;clase alta;0.66539274;1;>2015;1;1;92101;9000;sedan;0;0;3;0;3;20-29a
608987;16-25;F;Mayoria;Bachillerato;clase trabajadora;0.360700309;1;<=2015;0;1;10238;14000;sedan;0;0;0;0;1;0-9a
461175;40-64;M;Mayoria;Bachillerato;clase media;0.584600868;1;>2015;0;1;10238;;sedan;3;2;1;0;3;20-29a
642665;65+;F;Mayoria;universidad;clase alta;0.503574339;1;<=2015;1;1;92101;16000;sedan;1;0;0;0;3;20-29a
313691;40-64;M;Minoria;universidad;clase alta;0.85646296;1;>2015;0;1;10238;12000;sedan;8;0;4;0;3;20-29a
619293;40-64;M;Minoria;universidad;clase alta;0.464138024;1;<=2015;1;1;10238;12000;sedan;0;2;5;0;3;20-29a
761268;40-64;M;Mayoria;universidad;clase alta;0.64084496;1;>2015;1;1;10238;12000;sedan;1;0;3;0;3;20-29a
62619;40-64;M;Mayoria;universidad;clase media;0.469211292;1;<=2015;1;1;10238;;sedan;3;0;5;0;3;20-29a
830121;65+;F;Mayoria;universidad;clase alta;0.753050947;1;<=2015;1;1;32765;11000;sedan;2;0;0;1;3;20-29a
506593;40-64;M;Mayoria;Bachillerato;clase media;0.522163008;0;>2015;1;1;10238;10000;deportivo;2;0;5;0;3;20-29a
163282;16-250;F;Mayoria;Bachillerato;clase trabajadora;0.276344597;0;<=2015;0;1;10238;15000;deportivo;0;0;0;1;1;0-9a
10200;40-64;M;Mayoria;universidad;clase alta;0.522450503;0;<=2015;1;0;10238;9000;sedan;2;0;6;0;3;20-29a
92312;40-64;M;Minoria;universidad;clase alta;0.50241536;1;>2015;1;1;10238;12000;sedan;1;1;3;0;3;20-29a
125702;40-64;M;Mayoria;universidad;clase alta;0.511980624;0;>2015;1;1;32765;9000;sedan;7;3;0;0;3;20-29a
840919;40-64;M;Mayoria;Bachillerato;clase alta;0.515314464;1;<=2015;1;1;10238;10000;deportivo;6;0;3;0;3;20-29a
324483;40-64;F;Mayoria;universidad;clase alta;0.613532264;1;>2015;1;1;10238;11000;sedan;1;0;0;0;3;20-29a
911959;40-64;F;Mayoria;universidad;clase alta;0.724811337;0;>2015;1;1;32765;8000;sedan;7;0;1;0;3;20-29a
640977;40-64;M;Minoria;universidad;clase alta;0.659153795;1;>2015;1;1;10238;13000;sedan;1;1;1;0;3;20-29a
737832;65+;F;Mayoria; ;clase alta; ;1;<=2015;1;1;10238;12000;sedan;2;1;4;0;3;20-29a
576932;16-25;F;Mayoria;universidad;clase trabajadora;0.352400898;0;<=2015;0;1;32765;12000;sedan;0;0;0;1;1;0-9a
789148;40-64;F;Mayoria;universidad;clase alta;0.608886216;1;>2015;1;1;10238;13000;sedan;1;0;4;0;3;20-29a
868625;40-64;F;Mayoria;universidad;clase alta;0.666846364;1;>2015;1;1;32765;6000;sedan;4;0;0;0;3;20-29a
528944;40-64;M;Mayoria;universidad;clase alta;0.715407037;1;<=2015;1;1;10238;13000;sedan;4;0;2;0;3;20-29a
70698;40-64;M;Minoria;universidad;clase alta;0.55861021;1;>2015;1;1;10238;11000;sedan;3;1;3;0;3;20-29a
751835;40-64;F;Mayoria;universidad;clase alta;0.554197199;1;<=2015;1;0;10238;10000;sedan;1;1;3;0;3;20-29a
320560;40-64;M;Mayoria;Bachillerato;clase alta;0.669561971;1;>2015;1;1;10238;7000;sedan;4;0;5;0;3;20-29a
148942;40-64;M;Mayoria;universidad;clase alta;0.705442774;1;>2015;1;1;92101;14000;sedan;1;0;3;0;3;20-29a
240384;40-64;M;Mayoria;Bachillerato;clase alta;0.632199385;1;<=2015;1;0;10238;10000;sedan;2;0;2;0;3;20-29a
697962;40-64;F;Mayoria;ninguno;clase trabajadora;0.438045495;1;<=2015;1;1;32765;;sedan;3;1;2;0;3;20-29a
951947;40-64;M;Mayoria;universidad;clase alta;0.60577997;1;>2015;0;1;32765;10000;sedan;8;1;6;0;3;20-29a
816701;16-25;M;Mayoria;Bachillerato;clase trabajadora;;1;<=2015;0;1;32765;7000;sedan;0;0;0;1;1;0-9a
979350;26-39;F;Mayoria;Bachillerato;clase trabajadora;0.610582628;1;<=2015;0;1;10238;12000;sedan;0;0;0;0;1;0-9a
799058;16-25;F;Mayoria;Bachillerato;clase trabajadora;0.255281398;0;<=2015;0;1;10238;10000;sedan;0;0;0;1;1;0-9a
231641;40-64;F;Mayoria;Bachillerato;clase alta;0.528157904;1;<=2015;1;1;10238;9000;sedan;6;0;2;0;3;20-29a
330506;16-25;F;Mayoria;Bachillerato;clase trabajadora;0.448947328;1;<=2015;0;1;21217;15000;sedan;0;0;0;1;1;0-9a
516100;65+;Man;Mayoria;universidad;clase alta;;1;<=2015;1;1;10238;8000;sedan;3;1;0;0;3;20-29a
761455;40-64;M;Mayoria;Bachillerato;clase alta;0.68107895;1;<=2015;1;0;10238;12000;sedan;3;2;4;0;3;20-29a
814001;40-64;F;Mayoria;Bachillerato;clase alta;0.824239231;1;<=2015;1;1;10238;11000;sedan;2;1;0;0;3;20-29a
205417;40-64;M;Mayoria;universidad;clase alta;0.732687662;1;>2015;1;1;32765;11000;sedan;8;1;2;0;3;20-29a
190961;65+;F;Mayoria;Bachillerato;clase media;0.581603742;1;<=2015;1;1;92101;14000;sedan;0;1;0;1;3;20-29a
572262;40-64;F;Mayoria;Bachillerato;clase alta;0.673247456;0;<=2015;1;0;10238;13000;sedan;0;0;0;0;3;20-29a
683505;40-64;F;Mayoria;universidad;clase alta;0.746461441;1;<=2015;0;0;32765;13000;sedan;1;0;0;0;3;20-29a
981511;40-64;F;Mayoria;Bachillerato;clase alta;0.604894123;1;<=2015;1;1;32765;9000;sedan;4;1;0;0;3;20-29a
617355;65+;M;Mayoria;universidad;clase alta;;1;<=2015;1;1;10238;13000;sedan;5;2;3;0;3;20-29a
416719;16-25;F;Mayoria;universidad;clase trabajadora;;0;<=2015;0;1;10238;12000;sedan;0;0;0;1;1;0-9a
57521;40-64;F;Mayoria;universidad;clase alta;0.396110659;1;<=2015;1;0;10238;14000;sedan;0;1;0;0;3;20-29a
354775;40-64;M;Mayoria;Bachillerato;clase alta;0.609791343;1;>2015;1;1;10238;12000;sedan;3;0;2;0;3;20-29a
905750;40-64;M;Mayoria;ninguno;clase media;0.449011776;1;<=2015;1;1;32765;7000;sedan;7;0;1;1;3;20-29a
255774;40-64;F;Mayoria;ninguno;clase media;0.41012606;1;<=2015;1;1;10238;11000;sedan;0;1;2;0;3;20-29a
889608;26-39;M;Mayoria;Bachillerato;clase trabajadora;0.453471335;0;<=2015;0;1;10238;11000;sedan;1;0;3;1;2;10-19a
107725;26-39;M;Minoria;Bachillerato;clase trabajadora;0.275626905;0;<=2015;0;1;10238;15000;sedan;1;0;1;0;2;10-19a
134351;65+;Man;Mayoria;universidad;clase alta;0.530625737;0;>2015;0;1;92101;14000;sedan;3;0;0;0;3;20-29a
59461;26-39;F;Mayoria;Bachillerato;clase trabajadora;0.476556912;0;<=2015;0;1;32765;12000;deportivo;2;0;0;1;2;10-19a
189528;26-39;F;Mayoria;Bachillerato;clase trabajadora;0.339876509;1;<=2015;0;1;32765;10000;sedan;0;0;1;0;2;10-19a
241827;65+;M;Mayoria;universidad;clase alta;;1;>2015;0;0;32765;14000;sedan;4;0;1;1;3;20-29a
6452;40-64;M;Minoria;universidad;clase alta;0.626221463;1;>2015;0;1;10238;13000;sedan;2;0;2;0;3;20-29a
708649;26-39;F;Mayoria;ninguno;clase trabajadora;0.469214287;1;<=2015;0;1;10238;14000;sedan;1;0;1;0;2;10-19a
104896;40-64;M;Mayoria;Bachillerato;clase alta;0.647989427;1;>2015;1;1;10238;14000;sedan;3;1;2;0;3;20-29a
587145;40-64;M;Mayoria;Bachillerato;clase alta;0.663727272;1;>2015;0;1;10238;15000;sedan;5;0;3;0;3;20-29a
13552;40-64;F;Mayoria;Bachillerato;clase media;0.587155338;1;>2015;0;0;10238;14000;sedan;2;0;1;0;3;20-29a
386427;40-64;M;Mayoria;universidad;clase alta;0.456819309;0;<=2015;1;1;10238;14000;sedan;2;0;1;0;3;20-29a
800261;26-39;F;Mayoria;Bachillerato;clase trabajadora;0.324394938;1;<=2015;0;1;10238;13000;sedan;0;0;0;0;2;10-19a
401441;40-64;M;Mayoria;Bachillerato;clase alta;0.544571975;1;>2015;1;1;10238;8000;sedan;2;1;0;0;3;20-29a
667580;26-39;F;Mayoria;Bachillerato;clase trabajadora;0.447453448;1;<=2015;0;1;32765;13000;sedan;2;1;1;0;2;10-19a
15689;40-64;F;Minoria;Bachillerato;clase alta;0.673113934;1;>2015;1;1;10238;7000;sedan;1;0;0;0;3;20-29a
753714;40-64;F;Mayoria;universidad;clase alta;;0;>2015;1;1;10238;8000;sedan;1;2;1;0;3;20-29a
440633;40-64;F;Mayoria;Bachillerato;clase media;0.599127599;1;<=2015;1;1;10238;11000;sedan;2;0;1;0;3;20-29a
252894;40-64;M;Mayoria;universidad;clase alta;;0;>2015;1;1;32765;11000;sedan;5;0;0;0;3;20-29a
446159;40-64;F;Mayoria;Bachillerato;clase media;0.487646544;1;<=2015;1;1;10238;;sedan;0;0;0;0;3;20-29a
834076;40-64;F;Mayoria;Bachillerato;clase media;0.549471937;0;>2015;1;1;10238;7000;sedan;1;2;3;0;3;20-29a
150723;40-64;M;Mayoria;universidad;clase alta;0.587330093;1;>2015;1;1;10238;13000;sedan;1;0;1;0;3;20-29a
475000;65+;Man;Mayoria;universidad; ;0.719861972;1;>2015;1;1;10238;13000;sedan;3;0;1;0;3;20-29a
539002;40-64;M;Mayoria;Bachillerato;clase trabajadora;0.407632277;0;<=2015;1;1;10238;11000;sedan;5;0;4;0;3;20-29a
901622;40-64;M;Mayoria;Bachillerato;clase alta;0.574171973;0;>2015;1;1;32765;7000;sedan;6;1;6;1;3;20-29a
870414;65+;M;Mayoria;universidad;clase alta;;1;>2015;1;1;10238;11000;sedan;1;0;2;0;3;20-29a
80089;40-64;F;Mayoria;universidad;clase alta;0.79721875;1;>2015;1;1;10238;7000;sedan;2;0;1;0;3;20-29a
789708;40-64;F;Mayoria;ninguno;clase trabajadora;0.523671953;1;<=2015;1;1;10238;12000;sedan;0;1;0;0;3;20-29a
677159;65+;F;Mayoria;Bachillerato;clase alta;0.639079043;1;<=2015;1;100;32765;13000;sedan;1;1;0;0;4;30a+
364101;65+;F;Mayoria;universidad;clase alta;0.563548802;0;>2015;0;1;10238;11000;sedan;1;2;0;0;4;30a+
20059;65+;F;Mayoria; ;clase alta;0.673865148;1;<=2015;1;1;92101;9000;sedan;4;0;1;0;4;30a+
293450;65+;F;Mayoria;universidad;clase alta;0.705310062;1;<=1900;1;1;10238;15000;sedan;6;0;1;0;4;30a+
424515;650;M;Mayoria;universidad;clase alta;0.781015811;1;<=2015;1;1;10238;10000;sedan;2;0;1;0;4;30a+
31713;65+;Mujer;Mayoria;universidad;clase alta;0.594337557;1;<=2015;1;1;92101;9000;sedan;0;1;0;0;4;30a+
980800;65+;M;Mayoria;universidad;clase alta;0.638537185;1;<=2015;1;1;10238;8000;deportivo;4;0;8;0;4;30a+
302503;65+;F;Mayoria;Bachillerato;clase alta;0.567611563;1;<=2015;1;1;10238;11000;sedan;2;0;2;0;4;30a+
792276;65+;M;Mayoria;Bachillerato;clase alta;0.64209667;1;>2015;1;1;10238;12000;sedan;5;1;2;0;4;30a+
493290;65+;F;Mayoria;Bachillerato;clase trabajadora;0.652691301;0;<=2015;1;1;10238;11000;sedan;0;0;3;0;4;30a+
957742;65+;F;Mayoria;universidad;clase alta;0.578013094;1;<=2015;1;1;32765;10000;sedan;3;0;0;0;4;30a+
216571;65+;M;Mayoria;Bachillerato;clase alta; ;1;<=2015;1;1;10238;100000000;sedan;4;0;2;0;4;30a+
763764;65+;M;Mayoria;universidad;clase alta;0.596859969;1;<=2015;1;0;10238;15000;sedan;2;0;2;0;4;30a+
579201;65+;Man;Mayoria; ;clase alta;0.631616331;1;<=2015;1;1;10238;7000;sedan;9;2;11;0;4;30a+
403255;65+;F;Mayoria;universidad;clase alta;0.641458817;0;<=1900;1;1;10238;11000;sedan;2;1;2;0;4;30a+
24255;65+;M;Mayoria;Bachillerato;clase alta;0.622244913;1;>2015;1;1;10238;8000;sedan;4;0;4;0;4;30a+
905984;65+;F;Mayoria;Bachillerato;clase alta;0.606107064;1;>2015;0;1;10238;12000;sedan;4;0;1;0;4;30a+
688393;65+;F;Mayoria;ninguno;clase media;0.502945179;0;>2015;1;1;10238;;sedan;4;0;3;0;4;30a+
409246;65+;F;Minoria;universidad;clase alta;0.731961982;1;>2015;1;1;10238;12000;sedan;1;1;6;0;4;30a+
462016;65+;F;Minoria;universidad;clase alta;0.510603256;1;>2015;1;1;10238;13000;sedan;3;0;3;0;4;30a+
643847;65+;F;Mayoria;Bachillerato;clase alta;0.560527457;1;>2015;0;1;32765;10000;sedan;4;1;2;0;4;30a+
123508;65+;F;Mayoria;universidad;clase alta;;1;>2015;1;1;32765;7000;sedan;10;1;1;0;4;30a+
226528;65+;F;Mayoria;Bachillerato;clase media;0.517544579;1;>2015;1;1;10238;14000;sedan;3;1;2;0;4;30a+
752409;65+;M;Mayoria;universidad;clase alta;0.503596153;1;>2015;1;1;10238;9000;sedan;3;0;9;0;4;30a+
836232;65+;M;Mayoria;Bachillerato;clase trabajadora;0.333234104;0;<=2015;1;1;32765;;sedan;14;4;4;0;4;30a+
338062;65+;M;Mayoria;universidad;clase alta;;1;>2015;1;1;10238;10000;sedan;4;1;6;0;4;30a+
563413;26-39;M;Mayoria;ninguno;clase trabajadora;;1;<=2015;0;1;10238;8000;sedan;1;0;1;0;2;10-19a
919194;65+;M;Mayoria;Bachillerato;clase media;0.538439933;1;<=2015;1;1;10238;11000;sedan;8;0;3;0;4;30a+
516854;65+;M;Mayoria;Bachillerato;clase alta;0.652009134;1;<=2015;1;1;10238;8000;sedan;3;1;3;0;4;30a+
431795;65+;F;Mayoria;Bachillerato;clase alta;0.517349598;1;>2015;1;100;32765;6000;sedan;10;0;2;0;4;30a+
360899;65+;M;Mayoria;Bachillerato; ;0.689820985;1;<=2015;1;1;10238;12000;sedan;3;1;4;0;4;30a+
288419;65+;F;Mayoria;universidad;clase alta;0.533677083;1;>2015;1;1;10238;7000;sedan;2;0;6;0;4;30a+
422536;65+;M;Mayoria;universidad;clase alta;0.539120318;1;<=2015;1;1;32765;10000;sedan;16;0;3;0;4;30a+
475633;65+;Mujer;Mayoria;universidad;clase alta;0.661636238;1;<=2015;1;1;10238;13000;sedan;3;1;2;0;4;30a+
179788;65+;M;Mayoria;Bachillerato;clase alta;0.478057309;1;>2015;1;1;10238;15000;sedan;5;1;1;0;4;30a+
40715;65+;F;Mayoria;Bachillerato;clase media;0.424879844;1;>2015;1;1;10238;10000;sedan;2;0;2;0;4;30a+
521399;65+;F;Mayoria;Bachillerato;clase alta;0.729830882;1;>2015;1;0;32765;12000;sedan;4;0;0;0;4;30a+
694623;65+;F;Mayoria;universidad;clase alta;0.553649872;1;>2015;1;1;10238;10000;sedan;2;0;2;0;4;30a+
117006;65+;Mujer;Mayoria;Bachillerato; ;0.747230745;1;>2015;0;1;21217;11000;sedan;0;0;0;1;4;30a+
968115;65+;M;Mayoria;universidad;clase alta;;1;>2015;1;1;10238;12000;sedan;5;0;8;0;4;30a+
484339;65+;F;Mayoria;Bachillerato;clase alta;0.520208574;1;<=2015;1;1;92101;7000;sedan;4;0;3;0;4;30a+
828462;40-64;M;Mayoria;Bachillerato;clase trabajadora;0.387107145;0;<=2015;0;1;10238;16000;sedan;0;0;6;0;3;20-29a
670700;65+;F;Minoria;Bachillerato;clase alta;0.643437163;1;>2015;1;1;10238;12000;sedan;3;0;2;0;4;30a+
217068;65+;M;Mayoria;universidad;clase alta;0.490972494;1;<=2015;1;1;10238;10000;sedan;4;1;9;0;4;30a+
133396;65+;Mujer;Minoria;universidad;clase alta;0.496593061; ;>2015;1;1;10238;10000;sedan;2;1;3;0;4;30a+
522707;65+;M;Mayoria;Bachillerato;clase alta;0.594458516;1;<=2015;1;0;10238;14000;sedan;4;0;4;0;4;30a+
611544;65+;F;Mayoria;universidad;clase alta;0.677221611;0;<=2015;1;1;10238;12000;sedan;3;1;2;0;4;30a+
353690;65+;F;Mayoria;Bachillerato;clase alta;0.784918224;0;<=2015;0;0;10238;18000;sedan;0;0;2;0;4;30a+
865832;65+;M;Mayoria;Bachillerato;clase alta;0.583737531; ;<=2015;1;1;10238;10000;sedan;3;1;5;0;4;30a+
892258;65+;M;Mayoria;universidad;clase alta;0.529460765;1;<=2015;1;1;32765;10000000;sedan;13;0;1;0;4;30a+
232232;650;M;Mayoria;ninguno;clase alta;0.454373381;1;<=2015;1;1;10238;8000;sedan;6;2;4;0;4;30a+
204082;65+;F;Mayoria;universidad;clase alta;0.657615257;1;>2015;1;1;10238;10000;sedan;4;0;1;0;4;30a+
794384;40-64;M;Mayoria;ninguno;clase trabajadora;0.410647822;1;<=2015;0;1;32765;10000;sedan;7;0;1;0;3;20-29a
935123;65+;M;Mayoria;Bachillerato;clase alta;0.678029099;1;<=2015;1;1;32765;12000;sedan;11;1;1;0;4;30a+
162332;40-64;F;Mayoria;Bachillerato;clase trabajadora;0.456162394;0;<=2015;0;1;32765;13000;sedan;8;0;1;0;3;20-29a
265296;40-64;F;Mayoria;Bachillerato;clase trabajadora;0.452040405;0;<=2015;0;1;32765;10000;sedan;0;2;0;0;3;20-29a
737363;40-64;M;Mayoria;ninguno;clase trabajadora;0.530318692;1;<=2015;0;1;32765;8000;sedan;9;0;1;1;3;20-29a
641758;40-64;F;Mayoria;ninguno;clase trabajadora;0.338923451;1;<=2015;0;1;21217;12000;sedan;2;0;1;1;3;20-29a
771470;26-39;M;Mayoria;Bachillerato;clase trabajadora;0.459215333;0;<=2015;0;1;10238;13000;deportivo;0;0;0;1;1;0-9a
771470;26-39;M;Mayoria;Bachillerato;clase trabajadora;0.459215333;0;<=2015;0;1;10238;13000;deportivo;0;0;0;1;1;0-9a
